Type,Name,Request Count,Failure Count,Median Response Time,Average Response Time,Min Response Time,Max Response Time,Average Content Size,Requests/s,Failures/s,25%,50%,75%
GET,/hotels,1,0,59.211399988271296,59.211399988271296,59.211399988271296,59.211399988271296,43.0,0.9229689278646657,0.0,59,59,59
GET,/recommendations,2,0,192.67029996262863,614.996849995805,192.67029996262863,1037.3234000289813,902.0,1.8459378557293313,0.0,190,1000,1000
,Aggregated,3,0,190.0,429.73503332662705,59.211399988271296,1037.3234000289813,615.6666666666666,2.768906783593997,0.0,59,190,1000
