Type,Name,Request Count,Failure Count,Median Response Time,Average Response Time,Min Response Time,Max Response Time,Average Content Size,Requests/s,Failures/s,50%,66%,75%,80%,90%,95%,98%,99%,99.9%,99.99%,100%
GET,/booking/listavailableappartments,300,0,88,106.22933933414363,12.345099996309727,367.9038999835029,29.0,5.13082600947618,0.0,88,120,160,180,220,290,330,350,370,370,370
GET,/search/search,2511,0,30,75.40752620467592,12.27209999342449,673.2665000017732,28.0,42.94501369931562,0.0,30,51,96,130,220,290,350,380,590,670,670
,Aggregated,2811,0,32,78.69694062617728,12.27209999342449,673.2665000017732,28.106723585912487,48.075839708791804,0.0,32,65,110,140,220,290,350,370,590,670,670
