Type,Name,Request Count,Failure Count,Median Response Time,Average Response Time,Min Response Time,Max Response Time,Average Content Size,Requests/s,Failures/s,50%,66%,75%,80%,90%,95%,98%,99%,99.9%,99.99%,100%
POST,/booking/add,6840,0,23,43.77330007290133,11.448100005509332,431.42120000266004,65.06432748538012,11.405899637018328,0.0,23,29,35,41,110,170,240,310,400,430,430
DELETE,/booking/cancel,20,0,95,113.98741499942844,75.8699999860255,195.94800000777468,44.0,0.03335058373397172,0.0,97,120,140,160,200,200,200,200,200,200,200
PUT,/booking/change,28,28,26,46.47678928501721,16.650399993523024,295.0831000052858,290.0,0.046690817227560404,0.046690817227560404,26,38,42,42,85,180,300,300,300,300,300
GET,/booking/listavailableappartments,2780,0,26,53.029701510722134,13.012700001127087,442.68469999951776,4420.0,4.635731139022068,0.0,26,33,44,65,140,210,280,330,410,440,440
GET,/search/search,11415,0,4400.0,4570.940167866773,11.209299991605803,10437.683199997991,28.0,19.034845666164358,0.0,4400,4900,5200,5500,6100,6900,7700,8200,9700,10000,10000
,Aggregated,21083,28,3200.0,2496.214725480128,11.209299991605803,10437.683199997991,619.5161978845515,35.156517843166284,0.046690817227560404,3200,4100,4500,4800,5500,6200,7300,7800,9400,10000,10000
