Type,Name,Request Count,Failure Count,Median Response Time,Average Response Time,Min Response Time,Max Response Time,Average Content Size,Requests/s,Failures/s,25%,50%,75%
GET,/hotels,93786,64124,140.0,2169.676204294929,6.667000008746982,1023590.35329998,161.17534600046915,52.12660665406964,35.64035703714373,45,140,870
POST,/login,798,4,21,1180.9728714286025,7.43159995181486,873753.8447000552,63.67919799498747,0.44353135979727865,0.0022232148360765845,16,21,33
GET,/recommendations,61095,531,32,487.3514611128556,6.194399960804731,880968.9970000181,435.7417791963336,33.95682760252473,0.29513176948916664,23,32,51
POST,/reservation,770,532,50,2316.2744462333603,6.778499984648079,567073.2931999955,133.25844155844155,0.42796885594474254,0.2956875731981858,19,50,750
,Aggregated,156449,65191,55,1508.388917076453,6.194399960804731,1023590.35329998,267.76176261912826,86.9549344723364,36.233399594667155,30,55,360
