{
  "geo": 0.01385394975616715,
  "profile": 0.015711222731879342,
  "consul": 0.0046800319712349235,
  "mongodb-reservation": 0.0018724809261087285,
  "reservation": 0.02374780310571982,
  "prometheus": 0.007463859886688506,
  "frontend": 0.046078856704772915,
  "memcached-reserve": 0.007438176636313003,
  "search": 0.038562669989724394,
  "mongodb-rate": 0.0011950098631829929,
  "mongodb-profile": 0.0011893767212572967,
  "memcached-rate": 0.0028097500804482906,
  "recommendation": 0.008833677658739743,
  "mongodb-recommendation": 0.001156905119004606,
  "mongodb-geo": 0.0011463197740945467,
  "user": 0.00046392219274942224,
  "cadvisor": 0.06228339436626246,
  "rate": 0.0524698639423467,
  "mongodb-user": 0.0011458513043575175,
  "memcached-profile": 0.002343253815415879,
  "others": 0.7055536234535322
}