Type,Name,Request Count,Failure Count,Median Response Time,Average Response Time,Min Response Time,Max Response Time,Average Content Size,Requests/s,Failures/s,25%,50%,75%
GET,/hotels,733,18,30,961.4323813101819,12.090699980035424,21075.657700013835,41.944065484311054,25.160173704619556,0.6178487403590068,20,30,46
POST,/login,4,0,13,16.666524999891408,11.297399993054569,23.57680001296103,64.0,0.1372997200797793,0.0,13,19,24
GET,/recommendations,477,13,16,1108.9323213845257,8.803899982012808,21079.720900044776,450.0649895178197,16.37299161951368,0.4462240902592827,13,16,22
POST,/reservation,7,0,22,2466.0367857099377,18.706400005612522,15077.318600029685,64.0,0.2402745101396138,0.0,19,22,2100
,Aggregated,1221,31,23,1024.586057658273,8.803899982012808,21079.720900044776,201.58067158067158,41.91073955435263,1.0640728306182896,16,23,41
