{
  "rate": 0.0006877597797282382,
  "mongodb-profile": 0.004896909414740266,
  "mongodb-reservation": 0.005054127283265341,
  "search": 0.00026471437436579784,
  "reservation": 0.000654674350167036,
  "mongodb-geo": 0.0046162908912341155,
  "mongodb-user": 0.005079115365129665,
  "frontend": 0.00023981930099594817,
  "mongodb-rate": 0.004771614188762122,
  "memcached-reserve": 0.0002363780373858791,
  "prometheus": 0.02436955183465355,
  "mongodb-recommendation": 0.004865695717930751,
  "consul": 0.01384437169259834,
  "memcached-profile": 0.0002532728877010082,
  "cadvisor": 0.2311080897863932,
  "recommendation": 0.0006549358356460333,
  "memcached-rate": 0.00024062900592053516,
  "user": 0.0007071369188390274,
  "geo": 0.0007164646359738665,
  "profile": 0.0006468404418539062,
  "others": 0.696091608256715
}