Type,Name,Request Count,Failure Count,Median Response Time,Average Response Time,Min Response Time,Max Response Time,Average Content Size,Requests/s,Failures/s,25%,50%,75%
GET,/hotels,2017,15,33,365.1154715912456,10.65280003240332,29364.905999973416,1268.4318294496777,33.866404956937636,0.2518572505473795,20,33,57
POST,/login,15,1,14,1751.5059133293107,9.538899990729988,21043.23949996615,59.733333333333334,0.2518572505473795,0.0167904833698253,11,14,17
GET,/recommendations,1396,18,16,516.1171103874772,8.462600002530962,21059.119199984707,424.0379656160458,23.43951478427612,0.3022287006568554,13,16,20
POST,/reservation,14,2,24,3099.1577428482874,12.879899994004518,21041.25439998461,54.857142857142854,0.23506676717755423,0.0335809667396506,21,25,33
,Aggregated,3442,36,21,443.5206825683545,8.462600002530962,29364.905999973416,915.7606042998257,57.79284375893869,0.6044574013137108,15,21,42
