{
  "rate": 0.020736524266418848,
  "mongodb-profile": 0.0022668418801648164,
  "mongodb-reservation": 0.0023207402143453695,
  "search": 0.02521300664131835,
  "reservation": 0.03648889946790796,
  "mongodb-geo": 0.0021863217827670926,
  "mongodb-user": 0.0022327375942714062,
  "frontend": 0.04628885128324502,
  "mongodb-rate": 0.002200947002558831,
  "memcached-reserve": 0.005638007523350403,
  "prometheus": 0.011215288132331722,
  "mongodb-recommendation": 0.002148694580580875,
  "consul": 0.007110665867361583,
  "memcached-profile": 0.002589714542818905,
  "cadvisor": 0.10763071207146185,
  "recommendation": 0.006026964447603007,
  "memcached-rate": 0.0014261746303283545,
  "user": 0.00041762320395621275,
  "geo": 0.009122392409623255,
  "profile": 0.01985145288154983,
  "others": 0.6868874395760366
}