Type,Name,Request Count,Failure Count,Median Response Time,Average Response Time,Min Response Time,Max Response Time,Average Content Size,Requests/s,Failures/s,25%,50%,75%
GET,/hotels,2083,17,30,450.1512530480267,10.132500028703362,21069.147500034887,42.64906385021604,35.587195282890605,0.29043798358576106,20,30,45
POST,/login,21,0,13,14.262761909603363,8.101900049950927,32.554499979596585,64.0,0.35877633266476366,0.0,10,13,16
GET,/recommendations,1313,10,16,352.3560535410147,8.287499949801713,21064.87180001568,441.979436405179,22.432063085182605,0.1708458726975065,13,16,19
POST,/reservation,15,0,20,23.155480006244034,12.807400024030358,36.119400057941675,64.0,0.25626880904625976,0.0,16,20,33
,Aggregated,3432,27,22,408.2037903842038,8.101900049950927,21069.147500034887,195.64714452214452,58.63430350978423,0.46128385628326757,16,22,36
