{
  "rate": 0.02148629729739501,
  "mongodb-profile": 0.002077659765014578,
  "mongodb-reservation": 0.002218272795181767,
  "search": 0.024206839828851957,
  "reservation": 0.055705374262783394,
  "mongodb-geo": 0.0020083918258746556,
  "mongodb-user": 0.002102924914881276,
  "frontend": 0.039497900451566426,
  "mongodb-rate": 0.0020591427213691705,
  "memcached-reserve": 0.006824005346733715,
  "prometheus": 0.010952065127782405,
  "mongodb-recommendation": 0.002074832432534797,
  "consul": 0.006842216761228781,
  "memcached-profile": 0.001168697382742901,
  "cadvisor": 0.10471577727946824,
  "recommendation": 0.005637355997836474,
  "memcached-rate": 0.0015439057628052631,
  "user": 0.0004621440301416832,
  "geo": 0.009336611878024509,
  "profile": 0.01506795386731499,
  "others": 0.6840116302704676
}