Type,Name,Request Count,Failure Count,Median Response Time,Average Response Time,Min Response Time,Max Response Time,Average Content Size,Requests/s,Failures/s,50%,66%,75%,80%,90%,95%,98%,99%,99.9%,99.99%,100%
GET,/booking/listavailableappartments,59,59,7200.0,7926.056028812111,2733.5540000058245,13309.05470000289,0.0,3.6109630222167874,3.6109630222167874,7200,8900,11000,12000,13000,13000,13000,13000,13000,13000,13000
,Aggregated,59,59,7200.0,7926.056028812111,2733.5540000058245,13309.05470000289,0.0,3.6109630222167874,3.6109630222167874,7200,8900,11000,12000,13000,13000,13000,13000,13000,13000,13000
