Type,Name,Request Count,Failure Count,Median Response Time,Average Response Time,Min Response Time,Max Response Time,Average Content Size,Requests/s,Failures/s,25%,50%,75%
GET,/hotels,44295,30644,2100.0,2703.282965621247,6.73840002855286,18156.06020000996,396.2083530872559,152.28255909674928,105.35154624586939,520,2100,3600
POST,/login,385,0,22,48.62290337612224,8.231499989051372,500.335399992764,64.0,1.3235982673495534,0.0,15,22,52
GET,/recommendations,28879,0,38,82.71143218247062,7.895999995525926,2052.4026999482885,439.74507427542505,99.28362172152663,0.0,23,38,90
POST,/reservation,353,92,270.0,854.4266495761981,7.827000052202493,10986.208299989812,88.43626062322946,1.2135849048685516,0.3162884171328803,110,270,700
,Aggregated,73912,30736,290.0,1656.7116954931562,6.73840002855286,18156.06020000996,410.01873849983764,254.103363990494,105.66783466300227,34,290,2500