Type,Name,Request Count,Failure Count,Median Response Time,Average Response Time,Min Response Time,Max Response Time,Average Content Size,Requests/s,Failures/s,25%,50%,75%
GET,/hotels,1996,19,32,472.1468968945299,11.114299995824695,21074.79919999605,1148.7014028056112,34.09031883175344,0.324507042987633,20,32,58
POST,/login,21,0,14,257.66595237655565,6.40950002707541,5078.460299992003,64.0,0.35866567909159436,0.0,11,14,16
GET,/recommendations,1293,16,15,477.2186593193729,6.7122000036761165,21081.656499998644,434.25058004640374,22.083558241211023,0.27326908883169093,13,15,19
POST,/reservation,12,0,23,26.77540833731958,11.380499985534698,55.15169998398051,64.0,0.2049518166237682,0.0,22,28,34
,Aggregated,3322,35,21,471.1562981942764,6.40950002707541,21081.656499998644,859.8452739313666,56.73749456867983,0.5977761318193239,15,21,41
