{
  "rate": 0.020451256387097664,
  "mongodb-profile": 0.002208329323823446,
  "mongodb-reservation": 0.0023025646052658956,
  "search": 0.024079846673474056,
  "reservation": 0.03723592211554496,
  "mongodb-geo": 0.002198211269668769,
  "mongodb-user": 0.0021421216606197203,
  "frontend": 0.04203420720462114,
  "mongodb-rate": 0.0022391243481981633,
  "memcached-reserve": 0.006175243844467139,
  "prometheus": 0.011005230087439557,
  "mongodb-recommendation": 0.0021884277725300106,
  "consul": 0.007315793525816798,
  "memcached-profile": 0.0027330243527211757,
  "cadvisor": 0.10949419773976575,
  "recommendation": 0.0054735457215343095,
  "memcached-rate": 0.0014043697677117942,
  "user": 0.0004893787976855536,
  "geo": 0.009576411514000373,
  "profile": 0.019290707808221355,
  "others": 0.6899620854797921
}