Type,Name,Request Count,Failure Count,Median Response Time,Average Response Time,Min Response Time,Max Response Time,Average Content Size,Requests/s,Failures/s,50%,66%,75%,80%,90%,95%,98%,99%,99.9%,99.99%,100%
POST,/booking/add,492,0,7700.0,10539.448222560766,26.249600006849505,44326.76019999781,69.59349593495935,4.971928287776685,0.0,7700,17000,19000,21000,24000,25000,32000,33000,44000,44000,44000
DELETE,/booking/cancel,44,0,17000.0,13850.407174999418,271.14050000091083,31985.410799999954,44.0,0.44464399321580117,0.0,17000,24000,24000,25000,26000,26000,32000,32000,32000,32000,32000
PUT,/booking/change,70,70,400.0,1891.8255414289888,19.537599990144372,25680.572099998244,290.0,0.7073881710251382,0.7073881710251382,400,480,610,680,4200,23000,25000,26000,26000,26000,26000
GET,/booking/listavailableappartments,273,0,700.0,8831.084831868568,30.80380000756122,24827.03309999488,4420.0,2.758813866998039,0.0,700,16000,21000,23000,23000,24000,25000,25000,25000,25000,25000
GET,/search/search,803,0,43,207.4851760893034,11.998299989500083,2123.2139999920037,28.0,8.114752876188371,0.0,43,120,280,400,620,1000,1200,1600,2100,2100,2100
,Aggregated,1682,70,400.0,5056.3323332935415,11.998299989500083,44326.76019999781,764.3400713436386,16.997527195204036,0.7073881710251382,400,960,4700,14000,22000,24000,25000,30000,44000,44000,44000
