Type,Name,Request Count,Failure Count,Median Response Time,Average Response Time,Min Response Time,Max Response Time,Average Content Size,Requests/s,Failures/s,50%,66%,75%,80%,90%,95%,98%,99%,99.9%,99.99%,100%
POST,/apartment/add,7562,1335,7100.0,18236.63005989147,199.07959998818114,588015.3010000067,122.2241470510447,6.883406673882716,1.2152007285947402,7100,8400,9300,10000,12000,13000,24000,558000,568000,588000,588000
POST,/booking/add,119,0,24000.0,303369.72076974856,279.15159999975003,882691.3905999972,77.26890756302521,0.10832126344777085,0.0,24000,822000,836000,856000,868000,871000,874000,876000,883000,883000,883000
DELETE,/booking/cancel,23,0,7400.0,268012.5745652198,384.8060999880545,876177.2113000043,44.0,0.020936042515115372,0.0,7400,19000,873000,874000,875000,875000,876000,876000,876000,876000,876000
PUT,/booking/change,27,0,3500.0,159186.99528518695,236.79759999504313,837394.6172000142,65.0,0.024577093387309353,0.0,3500,6800,34000,34000,834000,836000,837000,837000,837000,837000,837000
GET,/booking/listavailableappartments,274,13,12000.0,137437.08837554778,140.68979999865405,946740.0542999967,7700.343065693431,0.2494119847452875,0.01183341533463043,12000,22000,39000,41000,836000,851000,867000,892000,947000,947000,947000
GET,/search/search,172,165,7900.0,13536.525670348818,419.8360999871511,207324.70019999892,8398.994186046511,0.15656518750434106,0.1501933484780016,7900,8800,9400,10000,14000,22000,194000,195000,207000,207000,207000
,Aggregated,8177,1513,7200.0,27449.526232407923,140.68979999865405,946740.0542999967,549.191879662468,7.44321824548254,1.3772274924073722,7200,8500,9500,10000,12000,16000,559000,833000,875000,947000,947000
