{
  "otel-collector": 0.0025604359034948937,
  "prometheus": 0.01890435073948912,
  "apartment": 0.040962667522728854,
  "api-gateway": 0.03582830267679935,
  "cadvisor": 0.12502731150191562,
  "search": 0.0033496616946139214,
  "booking": 0.0032798073754572495,
  "jaeger": 0.0004997978085916756,
  "rabbitmq": 0.0144808264308076,
  "others": 0.7551068383461018
}