Type,Name,Request Count,Failure Count,Median Response Time,Average Response Time,Min Response Time,Max Response Time,Average Content Size,Requests/s,Failures/s,25%,50%,75%
GET,/hotels,26405,26405,10,42.3820924106593,4.512000014074147,23331.52930001961,82.0,44.06727145346217,44.06727145346217,8,10,14
POST,/login,193,193,8,16.905064247771758,4.734099988127127,288.92379999160767,82.0,0.3220974584555273,0.3220974584555273,7,8,11
GET,/recommendations,16943,16943,8,28.123126057911513,3.6835999926552176,9224.067700008163,82.0,28.276151495398956,28.276151495398956,7,8,11
POST,/reservation,201,201,9,17.745016416823212,4.628899972885847,565.5414999928325,82.0,0.3354486484433212,0.3354486484433212,7,9,11
,Aggregated,43742,43742,9,36.63341183764471,3.6835999926552176,23331.52930001961,82.0,73.00096905575997,73.00096905575997,8,9,13
