{
  "consul": 0.008051007003516221,
  "recommendation": 0.0005185726633338709,
  "user": 0.0005029175136488111,
  "prometheus": 0.011804236597914167,
  "frontend": 0.0401401333416458,
  "rate": 0.0004905041394136703,
  "search": 0.01904405743420917,
  "memcached-profile": 0.00012691622751621784,
  "reservation": 0.0004410414751811681,
  "geo": 0.0004730932980909716,
  "memcached-reserve": 0.0001315080761777936,
  "cadvisor": 0.11155126791059353,
  "profile": 0.00047101521423841605,
  "memcached-rate": 0.00013176683915073554,
  "others": 0.8061219622653694
}