Type,Name,Request Count,Failure Count,Median Response Time,Average Response Time,Min Response Time,Max Response Time,Average Content Size,Requests/s,Failures/s,25%,50%,75%
GET,/hotels,23250,8957,270.0,974.2293776648748,8.631400007288903,119845.37859994452,90.05277419354839,132.40086423045037,51.00707702847931,45,270,850
POST,/login,198,3,18,499.8246156548813,5.770499992650002,21024.356199952308,63.03030303030303,1.1275428437689967,0.017083982481348434,14,18,27
GET,/recommendations,14873,101,27,320.9324283736205,8.411199960391968,98469.9443000136,433.74235191286226,84.69669048169843,0.5751607435387307,20,27,42
POST,/reservation,191,66,230.0,779.0465335058736,9.072999993804842,31488.88729995815,100.10994764397905,1.0876802179791838,0.3758476145896656,23,230,860
,Aggregated,38512,9127,55,718.5247247535435,5.770499992650002,119845.37859994452,222.69365392604902,219.31277777389698,51.97516936908906,26,55,470
