Type,Name,Request Count,Failure Count,Median Response Time,Average Response Time,Min Response Time,Max Response Time,Average Content Size,Requests/s,Failures/s,25%,50%,75%
GET,/hotels,737,17,28,929.806245861321,12.428199988789856,21071.678399981465,42.00814111261872,25.270425939237924,0.5828999199010105,20,28,45
POST,/login,5,0,11,11.443459999281913,10.330400022212416,13.633999973535538,64.0,0.1714411529120619,0.0,11,11,11
GET,/recommendations,487,14,16,1374.6031728930277,9.297300013713539,21416.13560001133,435.88090349075975,16.69836829363483,0.48003522815377336,13,16,23
POST,/reservation,7,0,20,20.754757146018424,12.265600031241775,28.892500034999102,64.0,0.24001761407688668,0.0,16,20,27
,Aggregated,1236,31,22,1096.1985833322951,9.297300013713539,21416.13560001133,197.4126213592233,42.3802529998617,1.062935148054784,16,22,40
