{
  "rate": 0.0006001035956571908,
  "mongodb-profile": 0.004823055676325565,
  "mongodb-reservation": 0.004792045098948533,
  "search": 0.00023997201143268802,
  "reservation": 0.0006502409755080798,
  "mongodb-geo": 0.004354325409073706,
  "mongodb-user": 0.004818381484509346,
  "frontend": 0.00026486595354569675,
  "mongodb-rate": 0.004784196447713726,
  "memcached-reserve": 0.000247580453017531,
  "prometheus": 0.026732389847680654,
  "mongodb-recommendation": 0.0047084105388367345,
  "consul": 0.013386182753622172,
  "memcached-profile": 0.0002907713162286054,
  "cadvisor": 0.2380879740368623,
  "recommendation": 0.0005685885999412805,
  "memcached-rate": 0.0002579462840235522,
  "user": 0.0006425316589269584,
  "geo": 0.0006771741938759303,
  "profile": 0.0006280107337494038,
  "others": 0.6884452529305206
}