Type,Name,Request Count,Failure Count,Median Response Time,Average Response Time,Min Response Time,Max Response Time,Average Content Size,Requests/s,Failures/s,25%,50%,75%
GET,/hotels,705,18,29,966.5593218436491,11.939100048039109,21069.506499974523,41.90212765957447,24.112900444049938,0.615648521975743,20,29,44
POST,/login,2,0,9.210499993059784,11.37590000871569,9.210499993059784,13.541300024371594,64.0,0.06840539133063812,0.0,9,14,14
GET,/recommendations,490,17,16,1247.5296567346215,8.370099996682256,21063.079500047024,410.569387755102,16.75932087600634,0.5814458263104241,13,17,22
POST,/reservation,9,0,21,3262.5288444364237,17.222899943590164,15050.189599976875,64.0,0.3078242609878715,0.0,20,21,3100
,Aggregated,1206,35,22,1096.2681302650767,8.370099996682256,21069.506499974523,191.893864013267,41.24845097237479,1.1970943482861671,16,22,39
