Type,Name,Request Count,Failure Count,Median Response Time,Average Response Time,Min Response Time,Max Response Time,Average Content Size,Requests/s,Failures/s,25%,50%,75%
GET,/hotels,216419,10381,160.0,1141.9530775177097,9.379099996294826,864055.5541000213,49.274231929728906,120.28047628710159,5.7695101831927955,66,160,390
POST,/login,1815,0,18,894.7392375762934,5.817199999000877,863040.0777000468,64.0,1.008733357335028,0.0,14,18,26
GET,/recommendations,141319,160,27,373.2705253270732,6.899400032125413,863249.8000999913,439.39204919366824,78.54170210756408,0.08892415271272973,20,27,41
POST,/reservation,1833,104,160.0,837.4511721228382,8.084300032351166,621424.0642000223,69.9481723949809,1.01873732451521,0.05780069926327432,61,160,380
,Aggregated,361386,10645,70,838.5758169013372,5.817199999000877,864055.5541000213,202.00754871522417,200.8496490765159,5.9162350351688,28,70,270
