{
  "rate": 0.037757746807981614,
  "mongodb-profile": 0.0005447178479743725,
  "mongodb-reservation": 0.0009139827906942359,
  "search": 0.036754624146816905,
  "reservation": 0.0913613168624115,
  "mongodb-geo": 0.0005339565138894961,
  "mongodb-user": 0.0005462976626136421,
  "frontend": 0.052500336636126715,
  "mongodb-rate": 0.0005435475616467773,
  "memcached-reserve": 0.012658747982416504,
  "prometheus": 0.0030496997964029222,
  "mongodb-recommendation": 0.0005440038167113608,
  "consul": 0.002539912906329482,
  "memcached-profile": 0.0021994203355085343,
  "cadvisor": 0.030676418086645743,
  "recommendation": 0.009415447404076287,
  "memcached-rate": 0.0027250127820891055,
  "user": 0.000409207061764019,
  "geo": 0.01509037542521324,
  "profile": 0.0213715631379222,
  "others": 0.6778636644347651
}