Type,Name,Request Count,Failure Count,Median Response Time,Average Response Time,Min Response Time,Max Response Time,Average Content Size,Requests/s,Failures/s,50%,66%,75%,80%,90%,95%,98%,99%,99.9%,99.99%,100%
POST,/apartment/add,8740,105,1600.0,2090.572552871904,82.6731999986805,21268.071600003168,88.60926773455378,14.601976617859947,0.17542420421914123,1600,2300,2800,3200,4300,5500,6700,7900,21000,21000,21000
POST,/booking/add,104,0,1200.0,1286.4448259619026,74.78890000493266,3982.687399999122,83.07692307692308,0.17375349751229227,0.0,1200,1600,1800,1900,2500,3200,3700,3700,4000,4000,4000
DELETE,/booking/cancel,26,0,540.0,895.3631192315908,127.78599999728613,3755.5761999974493,44.0,0.04343837437807307,0.0,670,1200,1300,1300,1600,1800,3800,3800,3800,3800,3800
PUT,/booking/change,23,0,640.0,817.8809999991917,58.13379999017343,3375.870899995789,65.0,0.03842625425752618,0.0,640,1100,1300,1300,1700,2300,3400,3400,3400,3400,3400
GET,/booking/listavailableappartments,212,30,21000.0,35749.003995282954,1418.054599998868,490343.5759000131,198924.0283018868,0.35418982185198045,0.05012120120546893,21000,22000,27000,37000,54000,131000,245000,444000,490000,490000,490000
GET,/search/search,210,0,7300.0,16417.494285713976,1720.9180000063498,337484.102500006,129090.0,0.35084840843828247,0.0,7300,10000,14000,17000,34000,57000,113000,118000,337000,337000,337000
,Aggregated,9315,135,1600.0,3164.1382420934488,58.13379999017343,490343.5759000131,7521.902093397745,15.562632974298102,0.22554540542461018,1600,2400,3000,3500,5100,6900,18000,24000,221000,490000,490000
