{
  "apartment": 0.08063304261227378,
  "cadvisor": 0.08976117549266556,
  "otel-collector": 0.002583368500226079,
  "search": 0.007859958767452864,
  "api-gateway": 0.06487048742591425,
  "jaeger": 0.00087694474473675,
  "booking": 0.020157259135763914,
  "prometheus": 0.01334889041727466,
  "rabbitmq": 0.03368759705492814,
  "others": 0.6862212758487637
}