Type,Name,Request Count,Failure Count,Median Response Time,Average Response Time,Min Response Time,Max Response Time,Average Content Size,Requests/s,Failures/s,25%,50%,75%
GET,/hotels,2344,2344,10,50.22465349861161,4.7587000008206815,3098.290199995972,82.0,40.16370083736004,40.16370083736004,8,10,14
POST,/login,24,24,8,96.54558749995583,4.3200000072829425,2053.502499999013,82.0,0.41123243178184343,0.41123243178184343,7,9,11
GET,/recommendations,1621,1621,9,31.93190635356766,4.165699996519834,3067.3674999852665,82.0,27.77532382993201,27.77532382993201,7,9,12
POST,/reservation,13,13,8,47.92883076991599,5.678799992892891,276.10799999092706,82.0,0.22275090054849853,0.22275090054849853,7,8,10
,Aggregated,4002,4002,10,43.085551449247035,4.165699996519834,3098.290199995972,82.0,68.57300799962239,68.57300799962239,8,10,13
