{
  "consul": 0.008217192689111431,
  "recommendation": 0.00042603674007528087,
  "user": 0.0004924659441985902,
  "prometheus": 0.012032589416144874,
  "frontend": 0.021608932830897067,
  "rate": 0.0005442360273786126,
  "search": 0.010150208651719226,
  "memcached-profile": 0.00014451058034657696,
  "reservation": 0.0005343096083563768,
  "geo": 0.00043077250331623293,
  "memcached-reserve": 0.00014513618047238885,
  "cadvisor": 0.11730893725849476,
  "profile": 0.000505195328271978,
  "memcached-rate": 0.0001421814430205685,
  "others": 0.8273172947981962
}