Type,Name,Request Count,Failure Count,Median Response Time,Average Response Time,Min Response Time,Max Response Time,Average Content Size,Requests/s,Failures/s,25%,50%,75%
GET,/hotels,133755,86,41,174.2425804163966,9.443499962799251,862352.6488000061,58.729348435572504,74.32799299755213,0.04779041828559294,26,41,69
POST,/login,1046,0,14,56.01051988519317,5.690200021490455,15050.572500040289,64.0,0.5812648549619792,0.0,11,14,19
GET,/recommendations,86558,53,19,181.89173446362398,6.490200001280755,862678.4633999923,439.5221469996996,48.10050030191109,0.02945223452484216,15,19,25
POST,/reservation,1125,0,31,203.56145617712497,10.558200010564178,138471.759499982,64.0,0.6251653554801402,0.0,23,31,50
,Aggregated,222484,139,28,176.81089308577862,5.690200021490455,862678.4633999923,206.92924435015553,123.63492350990533,0.0772426528104351,19,28,54
