{
  "rate": 0.03301116287350461,
  "mongodb-profile": 0.0007519288093952215,
  "mongodb-reservation": 0.00107137751000524,
  "search": 0.0361903149129704,
  "reservation": 0.08393180681825196,
  "mongodb-geo": 0.0007482946497401017,
  "mongodb-user": 0.0007600726122510403,
  "frontend": 0.05674036463684405,
  "mongodb-rate": 0.000752355254528054,
  "memcached-reserve": 0.010585205102408051,
  "prometheus": 0.004065737748827939,
  "mongodb-recommendation": 0.0007485027200556838,
  "consul": 0.0032396328950882462,
  "memcached-profile": 0.0018900474934938996,
  "cadvisor": 0.04095889852749896,
  "recommendation": 0.008437873839959968,
  "memcached-rate": 0.0022682239063546803,
  "user": 0.0003723986012579212,
  "geo": 0.014031918758715777,
  "profile": 0.02295332479326812,
  "others": 0.6764905575355799
}