Type,Name,Request Count,Failure Count,Median Response Time,Average Response Time,Min Response Time,Max Response Time,Average Content Size,Requests/s,Failures/s,50%,66%,75%,80%,90%,95%,98%,99%,99.9%,99.99%,100%
POST,/booking/add,692,0,25,50.30698135812805,10.976599995046854,505.9892999997828,65.0,11.649455413360636,0.0,25,31,48,63,120,180,310,410,510,510,510
GET,/booking/listavailableappartments,300,0,81,141.7799486667112,13.769900004263036,597.5741000002017,4420.0,5.050341942208368,0.0,82,140,220,260,370,500,580,590,600,600,600
GET,/search/search,1062,0,4600.0,4161.5948116759355,12.253099994268268,6405.821499996819,28.0,17.878210475417625,0.0,4600,4900,5100,5300,5700,5900,6100,6200,6300,6400,6400
,Aggregated,2054,0,400.0,2189.3671400680014,10.976599995046854,6405.821499996819,681.9454722492698,34.57800783098663,0.0,410,4300,4600,4800,5300,5700,5900,6100,6300,6400,6400
