Type,Name,Request Count,Failure Count,Median Response Time,Average Response Time,Min Response Time,Max Response Time,Average Content Size,Requests/s,Failures/s,50%,66%,75%,80%,90%,95%,98%,99%,99.9%,99.99%,100%
POST,/booking/add,162,0,37,59.43435987694416,12.491500005126,280.1601999963168,65.0,14.630216234300413,0.0,37,60,84,100,140,160,220,250,280,280,280
GET,/booking/listavailableappartments,150,0,210.0,200.1624866669105,24.174799997126684,369.56609999469947,4420.0,13.546496513241122,0.0,210,260,280,300,340,360,360,370,370,370,370
GET,/search/search,162,0,700.0,1072.8698141972052,12.36320000316482,3547.382100005052,28.0,14.630216234300413,0.0,720,1200,1900,2000,3100,3300,3400,3500,3500,3500,3500
,Aggregated,474,0,130.0,450.33259324904805,12.36320000316482,3547.382100005052,1430.5189873417721,42.80692898184195,0.0,130,260,350,610,1700,2600,3200,3400,3500,3500,3500
