Type,Name,Request Count,Failure Count,Median Response Time,Average Response Time,Min Response Time,Max Response Time,Average Content Size,Requests/s,Failures/s,25%,50%,75%
GET,/hotels,186743,98072,220.0,2012.447678346665,9.033699985593557,966597.3562999861,469.3477613618717,103.81076487408451,54.518398723010854,45,220,940
POST,/login,1593,2,21,90.35319591915072,7.211700023617595,21039.340400020592,63.91964846202134,0.8855515250607339,0.001111803546843357,16,21,30
GET,/recommendations,121858,129,31,221.10406924768756,7.334400026593357,735912.2879999923,440.85812174826435,67.7410783056189,0.07171132877139653,23,31,47
POST,/reservation,1582,865,290.0,1448.577267383596,6.779000046662986,862030.8472000179,121.01327433628319,0.8794366055530954,0.48085503400975194,20,290,1100
,Aggregated,311776,99068,54,1299.617027436289,6.779000046662986,966597.3562999861,454.3735406189059,173.31683131031724,55.072076889338845,29,54,450
