{
  "geo": 0.015140790811005037,
  "profile": 0.020248890514050377,
  "consul": 0.003125870956108627,
  "mongodb-reservation": 0.0024217850055974384,
  "reservation": 0.03493668575253645,
  "prometheus": 0.00506986727717086,
  "frontend": 0.05170462964367385,
  "memcached-reserve": 0.011073190243321674,
  "search": 0.04161809909612631,
  "mongodb-rate": 0.0006556337278748382,
  "mongodb-profile": 0.0006487317712955355,
  "memcached-rate": 0.0029999003329316634,
  "recommendation": 0.009641902354438407,
  "mongodb-recommendation": 0.0006309080895889172,
  "mongodb-geo": 0.000624097826204208,
  "user": 0.00041421060825038125,
  "cadvisor": 0.03673342825093511,
  "rate": 0.05551426036291981,
  "mongodb-user": 0.0006242415987909058,
  "memcached-profile": 0.003149951910542382,
  "others": 0.703022923866637
}