Type,Name,Request Count,Failure Count,Median Response Time,Average Response Time,Min Response Time,Max Response Time,Average Content Size,Requests/s,Failures/s,25%,50%,75%
GET,/hotels,50643,31225,630.0,2758.053892824384,0.8084000437520444,943137.6896000002,680.9786939952214,37.32107136270022,23.011086493697345,120,630,1900
POST,/login,398,15,23,540.5453781408069,1.9607000285759568,21307.241899950895,61.58793969849246,0.29330384065625437,0.011054164848853808,17,23,43
GET,/recommendations,33261,1101,36,681.8005666274158,0.8517999667674303,806298.7168999971,423.3201948227654,24.511505135848434,0.8113756999058694,24,36,81
POST,/reservation,433,259,300.0,1898.9764434206418,2.773399988655001,365762.2391000041,117.06928406466513,0.3190968919702466,0.1908685797235424,26,300,1200
,Aggregated,84735,32600,150.0,1928.2573411388316,0.8084000437520444,943137.6896000002,574.0492122499558,62.44497723117516,24.024384938175608,35,150,1000
