Type,Name,Request Count,Failure Count,Median Response Time,Average Response Time,Min Response Time,Max Response Time,Average Content Size,Requests/s,Failures/s,25%,50%,75%
GET,/hotels,25335,16,33,117.66607032158407,9.449500008486211,21061.270999984117,1736.2369844089205,42.550179602997815,0.026872029747304717,20,33,63
POST,/login,199,0,12,17.91627990022236,5.753400007961318,276.6406000009738,64.0,0.33422086998210243,0.0,10,12,14
GET,/recommendations,16551,10,15,51.39629567990787,6.700500001898035,21056.607700011227,439.04930215696936,27.797435271727522,0.016795018592065447,13,15,19
POST,/reservation,192,0,27,41.493953646750015,10.83939999807626,306.49439999251626,64.0,0.32246435696765663,0.0,22,27,36
,Aggregated,42277,26,21,90.90669064020224,5.753400007961318,21061.270999984117,1212.9359462591954,71.0043001016751,0.043667048339370164,15,21,40
