{
  "rate": 0.029289993888046525,
  "mongodb-profile": 0.001348692024241104,
  "mongodb-reservation": 0.0016712498393561394,
  "search": 0.033816193318007524,
  "reservation": 0.0449005820392585,
  "mongodb-geo": 0.001294821085092667,
  "mongodb-user": 0.00131107195791173,
  "frontend": 0.06032519507338562,
  "mongodb-rate": 0.0013339160397845547,
  "memcached-reserve": 0.007563677442838091,
  "prometheus": 0.006792659976279133,
  "mongodb-recommendation": 0.0013139623911554512,
  "consul": 0.004877412282844487,
  "memcached-profile": 0.003962594620090394,
  "cadvisor": 0.06726559162097448,
  "recommendation": 0.00789917958156061,
  "memcached-rate": 0.001965645350600206,
  "user": 0.00040146505422392276,
  "geo": 0.012889007577020335,
  "profile": 0.02895784059266464,
  "others": 0.680819248244664
}