Type,Name,Request Count,Failure Count,Median Response Time,Average Response Time,Min Response Time,Max Response Time,Average Content Size,Requests/s,Failures/s,25%,50%,75%
GET,/hotels,7,0,360.0,582.7145714262899,50.27370003517717,1386.7657000082545,1668.5714285714287,2.518524974291599,0.0,87,360,1100
GET,/recommendations,6,0,42,376.0745166703903,20.11260000290349,2056.319999974221,326.0,2.1587356922499423,0.0,40,43,56
,Aggregated,13,0,87,487.3422384620286,20.11260000290349,2056.319999974221,1048.923076923077,4.6772606665415415,0.0,43,87,1000
