Type,Name,Request Count,Failure Count,Median Response Time,Average Response Time,Min Response Time,Max Response Time,Average Content Size,Requests/s,Failures/s,25%,50%,75%
GET,/hotels,144917,42,48,130.2029410510438,9.46879998082295,381775.85390000604,355.13905200908107,68.86275312705901,0.019957876793864612,29,48,88
POST,/login,1240,3,15,94.41564161332339,4.598200030159205,21066.005400032736,63.84516129032258,0.5892325529617172,0.0014255626281331867,12,15,20
GET,/recommendations,94404,34,20,79.76064488572032,6.640799983870238,380557.9279999947,439.2218444133723,44.85960478209512,0.016156376452176116,16,20,28
POST,/reservation,1205,1,41,94.45825709460914,11.202599969692528,21066.422000003513,63.94688796680498,0.57260098896683,0.00047518754271106225,27,41,68
,Aggregated,241766,80,32,110.14469000391098,4.598200030159205,381775.85390000604,385.02605411844513,114.88419145108267,0.038015003416884977,20,32,67
