Type,Name,Request Count,Failure Count,Median Response Time,Average Response Time,Min Response Time,Max Response Time,Average Content Size,Requests/s,Failures/s,50%,66%,75%,80%,90%,95%,98%,99%,99.9%,99.99%,100%
POST,/booking/add,121,0,84,147.13454132330554,12.955599988345057,677.6394000044093,67.31404958677686,13.361738706760192,0.0,84,180,210,230,410,460,540,670,680,680,680
DELETE,/booking/cancel,3,0,64,90.91410000110045,61.455700008082204,147.56569999735802,44.0,0.33128277785355853,0.0,64,64,150,150,150,150,150,150,150,150,150
PUT,/booking/change,5,5,150.0,336.58458000281826,38.35610000533052,697.1880000055535,290.0,0.5521379630892642,0.5521379630892642,150,660,660,700,700,700,700,700,700,700,700
GET,/booking/listavailableappartments,135,0,260.0,330.0912600000932,37.50510000099894,889.4697000068845,4420.0,14.907725003410134,0.0,260,320,510,640,710,800,830,870,890,890,890
GET,/search/search,211,0,150.0,257.39027061523103,12.683399996603839,1042.2689000115497,28.0,23.300222042366947,0.0,150,400,450,470,590,670,830,960,1000,1000,1000
,Aggregated,475,5,180.0,249.7486566315025,12.683399996603839,1042.2689000115497,1289.1263157894737,52.4531064934801,0.5521379630892642,180,300,410,460,620,710,830,890,1000,1000,1000
