Type,Name,Request Count,Failure Count,Median Response Time,Average Response Time,Min Response Time,Max Response Time,Average Content Size,Requests/s,Failures/s,50%,66%,75%,80%,90%,95%,98%,99%,99.9%,99.99%,100%
POST,/booking/add,768,0,21,41.334217448081745,11.549100003321655,363.7733999930788,65.0,12.949837969911137,0.0,21,27,38,49,100,140,220,280,360,360,360
GET,/booking/listavailableappartments,300,0,98,138.93516899945098,12.9766999889398,399.7836000053212,4420.0,5.058530456996538,0.0,100,220,240,260,310,350,380,390,400,400,400
GET,/search/search,1150,0,3900.0,3617.3256919998807,11.925800004974008,5817.358999993303,28.0,19.391033418486728,0.0,3900,4300,4500,4600,4800,5000,5200,5300,5500,5800,5800
,Aggregated,2218,0,290.0,1908.6338032010017,11.549100003321655,5817.358999993303,634.8602344454464,37.39940184539441,0.0,290,3500,3900,4200,4600,4900,5100,5200,5500,5800,5800
